engine_size,mpg
3.2,43
2,50
2,51
2,49
2,49
3.2,43
3.2,43
4.2,31
3.6,34
2,52
2,48
3.2,43
3.5,49
3.7,44
4.4,29
4.4,29
4.4,29
4.4,29
2.9,43
2.9,43
2.9,43
2.9,43
2.9,43
2.9,43
2.9,43
2.9,46
2.9,43
5.3,31
5.3,21
5.3,30
5.3,30
4.8,20
6,20
5.3,23
5.3,30
4.3,35
4.8,33
4.3,35
4.3,35
4.3,35
4.8,33
3.7,44
3.7,44
3.7,44
2.5,50
2.5,51
2.5,51
2.5,50
6.8,24
6,22
6,22
6,22
6,31
6,21
6,30
6,27
6,27
6,27
2.5,47
2.5,48
2.5,47
2.4,50
2.5,51
2.5,51
2.5,47
2.5,50
3,44
3,44
3,44
3.2,46
4.4,37
3,40
3.2,45
2.5,51
2.5,46
2.4,51
3,39
3.2,43
3,37
3.2,45
3.2,43
3,39
3,37
3.2,38
4,40
4,39
4,39
4,40
4,39
3.2,38
4.4,35
3.2,37
4.4,32
3.2,45
2.7,41
4,40
4,39
4,39
4,40
4,39
2,51
3.5,42
2.4,52
2.4,53
2.4,52
3.5,47
2.4,53
2.4,52
2.4,53
3.7,43
3.7,43
3.7,43
3.7,43
3.7,43
3.7,43
3.7,43
3.7,43
2,51
3.7,44
3.7,44
3.7,45
3.7,44
2,51
3.7,45
3.7,44
3.7,44
3.7,45
2,52
2,50
2,52
2,50
1.6,67
1.6,67
1.6,67
1.6,75
1.6,65
1.6,65
2.5,51
2.5,50
2.5,51
2.5,50
2,48
2,52
2.4,50
2.5,47
2,50
2,50
2,53
2.4,55
2.4,55
3.5,43
2.4,55
3.5,48
2.4,55
2.4,55
1.6,67
1.6,67
1.6,65
1.6,65
2.4,53
2.4,52
2.4,53
2.4,52
2.4,53
2.4,52
2.4,53
2.4,52
3.5,48
3.5,49
3.5,49
3.7,44
3.7,44
3.7,44
3.7,44
3.5,47
3.5,47
3.5,47
2.5,55
2.5,54
2.5,55
2.5,54
3.5,49
2.5,55
2.5,54
3.5,49
2.5,54
3.5,49
2,62
2,62
2,60
2,59
2,60
2,59
2,60
2,59
2,59
2,59
2,58
2,59
2,58
2,59
2,58
2,59
2,58
2.5,54
3.5,45
3,44
3.2,49
3,40
3.2,44
3,40
3,40
3.2,44
3.2,39
3.2,39
2.5,55
3.5,45
2.5,55
2.5,54
2.5,55
2.5,54
3.5,47
2.5,55
2.5,54
3.5,47
2.5,54
3.5,47
3.2,37
3.2,38
3,37
3,39
3.2,43
2.5,46
2.5,51
6,22
6,27
6,27
2,59
2,58
2,59
2,58
6,29
6,27
6,27
6.8,24
1.8,63
1.8,60
1.8,60
1.8,63
1.8,60
6.6,33
2,50
2,46
6.7,29
6.7,29
2,52
2,50
6.7,29
2,50
2,52
2,52
3.2,45
2,48
6.7,29
6.6,33
3.5,48
6.7,29
2.4,56
2.4,57
2.4,57
2.4,57
2.4,56
2.4,57
3.5,50
2.4,57
3.5,50
6.7,29
6.7,29
6.7,29
2.5,56
2.5,55
2,52
2,52
2.5,55
2.5,55
2,58
2.5,55
2.5,56
2.5,56
2.5,56
2,58
1.8,61
1.8,60
1.8,61
1.8,60
1.8,60
1.8,60
2.4,52
2.4,52
4,39
4,35
4,38
3,47
3,44
2.5,53
2.5,53
2.5,53
2.5,52
2.5,52
2.5,53
2.5,53
2.5,52
2.5,53
2.5,52
2.5,52
2,52
2,52
2,71
2.5,53
2.5,53
2,71
4,39
4,34
4,38
2.7,45
3.5,45
3.5,39
2.7,45
3.5,42
3.5,39
3.5,42
3.5,39
2.7,47
3.5,42
3.5,40
3.5,42
3.5,40
3.5,42
3.5,40
3.5,42
3.5,40
3.5,45
3.5,45
3.5,44
5.7,31
5.7,31
1.8,58
1.8,57
2.4,49
2.4,50
2.4,46
6,26
5.5,26
6,26
6,26
6,26
5.5,26
6,26
6,26
6,26
5.5,26
6,26
6,26
6,26
1.8,58
1.8,56
2.4,49
2.4,50
2.4,46
2.4,49
2.4,50
1.8,56
5.6,30
5.6,30
5.6,30
5.6,32
5.6,30
5.6,30
2.5,56
2.5,55
2.5,56
2.5,55
2.5,55
2.5,55
2,72
1.6,62
1.6,62
1.6,59
1.6,62
1.6,59
2,52
2,52
3.6,45
3.6,42
4.2,40
3,44
1.6,62
1.6,62
1.6,59
1.6,62
1.6,59
4.2,39
3,44
3,44
3,46
4.2,44
4.2,44
5.6,30
5.6,30
5.6,30
5.6,30
5.6,30
5.6,30
4.2,39
4.2,39
1.8,55
1.8,55
1.8,55
1.8,55
2,47
3.2,41
2,47
3.2,41
3.5,45
3.5,45
3.5,42
3.2,41
3.2,41
1.8,60
1.8,61
1.8,60
1.8,61
1.8,60
1.8,61
1.8,61
2,50
3,38
3,38
3,42
5.2,32
1.6,62
1.6,62
1.6,59
1.6,62
1.6,59
4.6,40
4.6,39
4.6,40
4.6,39
5.2,32
5.2,32
1.6,70
1.6,70
1.6,70
1.6,70
4.6,40
4.6,39
4.6,40
4.6,39
1.6,63
1.6,62
1.6,62
1.6,62
1.6,63
1.6,62
1.6,63
1.6,62
1.6,63
1.6,63
1.6,70
1.6,70
1.6,63
1.6,62
1.6,62
1.6,63
3.3,48
3.8,46
3.8,43
3.3,44
3,38
3,38
3,42
3.6,33
3,42
4.2,31
2.5,50
2.5,48
3.5,46
3.5,45
2.5,50
2.5,48
3.5,46
3.5,45
2.5,50
2.5,48
3.5,46
3.5,45
1.8,53
1.8,53
2.5,51
3.6,45
3.6,49
3.6,45
3.6,49
6.2,40
6.2,39
6.2,40
6.2,39
1.6,55
1.6,55
3.6,45
3.6,49
3.6,45
3.6,49
6.2,40
6.2,39
6.2,40
6.2,41
3,44
3,44
3.5,42
3,45
3,43
3,43
3,46
3.6,45
3.6,49
3.6,45
3.6,49
6.2,40
6.2,39
6.2,40
6.2,39
3.6,45
3.6,47
3,32
3,44
1.8,69
1.8,69
1.8,69
1.8,69
1.8,69
1.8,69
1.8,69
1.8,69
1.8,69
1.8,69
2,60
2,60
2,59
2,60
2,60
2.5,54
2.5,56
2.5,56
3,48
2.5,56
3,48
3,32
3.5,45
3.5,42
2,52
2,52
3.6,53
2.5,51
2.5,56
2.5,51
2.5,56
3,35
3,32
3.5,45
3.5,41
3,35
2.5,56
2.5,53
2.5,57
2.5,51
3,46
2.5,53
3,33
3,31
3.5,45
3.5,41
2.5,53
2,59
2,62
2,62
2.4,55
3,42
2,59
2,62
2.4,54
2.4,55
2,57
2,59
2.4,54
2.4,54
4.2,31
5.2,31
2,59
2,59
2,59
2,59
2,63
2.4,54
2.4,54
4.2,31
5.2,31
2,53
2,54
2,54
2,53
2,54
2,53
2,53
2,54
2,54
2,53
2,54
2,53
2,54
2,53
4.6,40
4.6,40
4.6,43
3.8,48
5,43
2,59
2,59
2.4,54
2.4,54
2.4,59
2.4,58
2.4,58
2,56
2,56
1.8,60
1.8,61
1.8,60
1.8,61
1.8,60
1.8,61
1.8,60
1.8,61
2,50
2.4,76
2.4,54
2.4,54
2.4,54
2.7,48
2.4,54
2.7,48
1.6,62
1.6,63
1.6,63
3.8,45
4.6,42
4.6,42
3.8,45
2,51
3.8,43
3.8,44
2,51
2,50
3.8,43
3.8,44
2,50
2,50
2,51
2,50
3.8,44
3.8,43
2,51
3.8,43
3.8,44
2,51
3.8,44
3.8,44
2,51
2,50
2,51
3.8,43
3.8,44
3.8,43
2,50
3.8,43
2,51
6.3,31
2,52
2,52
3.7,48
3.7,50
3.7,48
3.7,50
5,43
5,43
5,43
5,43
5,43
3,43
3.7,49
3.7,49
3.7,49
3.7,49
5,49
5,43
5,49
5,43
3.7,48
3.7,49
3.7,48
3.7,49
5,43
5,43
5,43
5,43
3.7,48
3.7,50
3.7,48
3.7,50
5,43
5,43
5,43
5,43
3,44
6.3,32
3,43
3,44
3.5,42
3,32
1.6,63
1.6,63
1.6,62
1.6,63
1.6,62
1.6,63
2,52
1.6,62
1.6,62
1.6,63
1.6,62
1.6,63
1.6,57
2,54
2,54
2,54
2,54
3.6,45
3.6,49
3.6,47
3.6,45
3.6,49
3.6,45
3.6,49
6.2,40
6.2,41
6.2,40
6.2,41
4,44
4,40
4,44
4,40
4.6,40
4.6,40
4.6,40
4.6,40
1.6,57
2,54
2,54
2,54
2,54
2,54
2,54
4,44
4,40
4,44
4,40
4.6,40
4.6,40
4.6,40
4.6,40
5.2,32
4.2,31
3.5,43
3.5,43
5.4,38
5.4,38
5.4,38
5.4,38
5.4,38
5.4,36
3.5,43
3.5,43
3.8,40
3.8,40
3.8,40
4.2,31
2,52
5.2,31
2.4,47
2.4,50
2.4,48
3.5,46
3.5,42
2.4,54
2.4,49
3.5,46
3.5,42
3.5,46
3.5,42
3,45
3.6,46
3.6,47
3.6,46
3.6,47
3.6,46
3.6,47
6.2,40
6.2,41
6.2,40
6.2,41
3,45
2.4,47
2.4,50
2.4,48
3.5,46
3.5,42
2.4,50
2.4,48
3.5,46
3.5,42
3.5,46
3.5,42
2.4,50
2.4,54
2.4,49
2.4,54
2.4,49
2,51
2,47
2,71
2.5,52
2.5,53
2.4,50
2.4,53
2.4,49
2.4,53
2.4,49
2,49
2,46
3,45
2,45
2,45
2,43
2.7,41
2.7,41
2.7,41
2.7,41
1.8,60
1.8,61
1.8,60
1.8,61
1.8,60
1.8,61
1.8,60
1.8,61
1.8,60
1.8,61
1.8,60
1.8,61
2,50
1.8,60
4,37
4,37
4,34
4,34
4,37
4,34
4,37
5.6,31
4,34
2.4,48
3.5,46
3.5,46
3.5,46
2.4,45
3.5,46
2.4,48
2.4,45
3.5,46
3.5,46
3.5,46
3.5,46
2.4,48
2.4,48
3.5,46
3.5,46
2.4,48
2.4,45
3.5,46
3.5,45
3.5,43
3.5,45
3.5,43
3.5,46
3.5,45
3.5,42
3.5,45
3.5,42
3.5,46
3.5,45
3.5,42
3.5,45
3.5,42
2.5,53
2,71
2.5,56
2.5,55
2,72
3.5,45
3.5,45
3.5,44
3.5,45
3.5,44
3.7,43
3.7,40
2.5,55
2,72
4.2,40
4.2,36
3.5,46
3.5,46
3.5,43
3.5,46
3.5,43
3.7,45
3.7,40
3.5,43
3.5,40
3.5,43
3.5,40
3.5,43
3.5,40
3.5,43
3.5,40
4.2,40
4.2,36
2,51
2,51
2,51
4.2,40
4.2,36
5.2,35
5.2,33
1.8,60
1.8,61
1.8,60
1.8,61
1.8,60
1.8,61
1.8,60
1.8,61
1.8,60
1.8,61
1.8,61
2,50
1.8,60
7,39
7,39
7,39
7,39
7,39
7,39
7,39
7,39
7,39
6.2,42
6.2,40
6.2,42
6.2,40
6.2,42
6.2,40
6.2,42
6.2,40
4,34
4,37
4,37
4,34
5.6,31
4,34
4,37
3.8,39
3.8,39
4,42
4,42
4,37
4,34
4,34
5.6,31
4,37
4,34
4,34
4,37
3.6,42
3.6,42
3.6,42
3.6,42
2,45
2,42
2,42
2,42
2.4,59
2.4,59
2.4,59
2.4,59
2.4,59
2,56
2.4,59
2,56
2.4,57
2,55
2.4,57
2.4,59
2,57
2.4,57
2.4,57
2.4,57
2.4,54
2.4,53
2.4,54
2.4,54
2.4,54
2.4,54
2.4,54
3.3,48
3.3,48
1.5,68
1.5,68
3.8,39
3.8,39
3.8,37
3.8,37
3.8,38
3.8,40
3.8,38
3.8,40
1.5,60
1.5,63
1.5,60
1.5,60
2.4,75
2,54
2.4,54
2.4,49
2.4,54
2.4,49
2.4,54
2,47
2.4,49
2.4,54
2.4,49
2.5,48
2.5,48
2.3,42
2.3,38
2.5,48
2.3,42
2.3,38
3.5,41
3.5,41
3.5,39
3.5,41
3.5,39
3.5,38
3.5,41
3.5,39
3.5,38
1.5,60
1.5,63
1.5,60
1.5,60
3.5,41
3.5,41
3.5,38
3.5,38
3.5,41
3.5,38
3.5,38
3.5,41
3.5,38
3.5,38
2.5,48
2.5,48
2.3,43
2.3,40
2.3,43
2.3,40
2,54
2.4,53
2.4,53
2.4,49
2.4,49
2.4,49
2.4,53
2,47
2.4,49
2.4,53
4.2,31
5.2,31
3.5,41
3.5,41
3.5,38
3.5,38
3.5,41
3.5,38
3.5,38
3.7,41
3.7,38
3.7,41
3.7,38
3.7,41
3.7,38
2,44
2,45
2,45
2,45
3.6,33
3,43
5.5,35
5.5,28
6.2,29
6,28
3,46
3,45
3,47
5.5,30
5.5,36
4.6,38
6,30
3,43
3,43
3,46
3,46
2.4,54
2.4,52
2.4,49
2.4,49
2.4,49
2.4,49
2.4,54
2.4,54
2.4,54
3,48
3,46
3,46
5.5,35
6.2,30
6.2,42
6.2,40
6.2,42
6.2,40
6.2,42
6.2,40
6.2,42
6.2,40
6.2,30
6.2,42
6.2,40
6.2,42
6.2,40
6.2,42
6.2,40
6.2,42
6.2,40
3.8,42
2.4,48
2.4,48
2.4,48
2.4,48
2.4,48
2.4,48
2.4,48
3.8,42
3.8,40
2.4,48
2.4,47
2.4,47
3.8,41
6.2,42
6.2,40
6.2,42
6.2,40
6.2,42
6.2,40
6.2,42
6.2,40
2.5,50
2.5,48
3.5,46
3.5,45
2.5,50
2.5,48
3.5,46
3.5,45
2.5,50
2.5,48
3.5,46
3.5,45
2.4,47
2.4,47
3.8,40
6.2,42
6.2,40
6.2,42
6.2,40
6.2,42
6.2,40
6.2,42
6.2,40
2.4,47
3.8,40
3.8,40
2.4,45
3.8,36
3.8,36
3.8,34
3.8,36
3.8,36
3.8,34
2.4,51
2.4,51
2.4,51
2.4,51
6.2,33
6.2,30
2,57
2,57
2.4,53
2,53
2.4,48
2,53
3.8,37
6.2,33
6.2,30
6.2,30
6.2,33
6.2,33
6.2,30
3,42
3,45
3,45
3,42
3,45
3,45
3,45
3.6,41
3.6,45
3,45
3.6,41
3.6,45
3.6,45
3,42
4.6,34
4.6,33
5.7,31
5.7,29
5.7,32
5.7,31
5.7,29
5.7,32
5.7,31
5.7,29
3,43
3,43
3,43
3,45
3.5,41
3.5,39
3.5,41
3.5,39
5.5,37
3.5,42
3,43
3,47
3,45
3,44
3,47
3.5,41
3.5,39
3.5,41
3.5,39
5.5,38
3.5,43
3.5,43
5.5,38
6.2,42
6.2,40
6.2,42
6.2,40
6.2,42
6.2,40
6.2,42
6.2,40
3.5,41
5.5,38
5.5,40
3.5,44
6.2,33
3,46
3,42
3,42
3,43
3,43
3,46
3,42
3,41
6.2,35
6.2,35
6.2,34
6.2,34
6.2,34
6.2,34
2.5,49
2,55
6.2,42
6.2,40
6.2,42
6.2,40
6.2,42
6.2,40
6.2,42
6.2,40
3,45
3,46
3,42
3,47
3,46
3,43
3,44
3,45
3,47
6.2,42
6.2,40
6.2,42
6.2,40
6.2,42
6.2,40
6.2,42
6.2,40
5.5,38
5.5,38
3.5,41
6.2,33
3,55
3.5,41
6.2,42
6.2,40
6.2,42
6.2,40
6.2,42
6.2,40
6.2,42
6.2,40
3.5,39
5.5,26
5.4,26
5.5,26
5.4,24
6.2,42
6.2,40
6.2,42
6.2,40
6.2,42
6.2,40
6.2,42
6.2,40
6.2,42
6.2,40
6.2,42
6.2,40
6.2,42
6.2,40
6.2,42
6.2,40
6.2,42
6.2,40
6.2,42
6.2,40
6.2,42
6.2,40
6.2,42
6.2,40
3,42
3,45
6.2,32
3,42
3,45
3,45
3,45
3.6,41
3.6,45
3.6,41
3.6,45
3.6,45
3.6,45
2,40
2,38
2,56
2.4,53
2.4,47
3,45
3,42
3,44
3,42
3.6,45
3.6,45
3.6,41
3.6,45
3.6,45
3.6,41
3.6,45
3.6,45
4.6,33
5.7,33
4.6,31
5.7,31
5.7,31
5.7,33
5.7,31
5.7,31
5.7,33
5.7,31
5.7,31
2,55
4.6,38
4.6,38
4.6,38
4.6,38
3.5,41
3.5,41
3.5,41
3.5,41
3,43
3,42
3,46
3,59
3,42
3,41
3,42
3,46
3,43
3,40
4.6,30
5.5,29
2,55
2.5,49
5.5,29
4.6,31
3,38
1.8,57
1.8,56
1.8,56
1.8,57
3.5,38
3.5,37
3.5,37
3.5,39
3,59
3,45
3,46
3,43
3,42
3,46
3,47
3,45
3,47
2.5,51
2.5,49
2.5,47
2.5,49
3,33
2.5,47
3,30
2.5,49
3,33
2.5,47
3,30
2.5,51
2.5,49
2.5,48
2.5,49
3,44
2.5,48
3,30
2.5,49
3,44
2.5,48
3,42
3.5,33
3,42
3.5,34
1.8,61
1.8,57
1.4,64
1.4,64
1.4,70
1.4,65
1.4,64
1.4,64
1.4,64
3,42
3,43
3,42
3,45
1.8,62
1.8,57
1.4,60
1.4,70
1.4,63
1.4,60
1.4,60
3,43
3,43
3,43
3,40
3,43
3,40
3,40
2.5,50
2.5,49
2.5,48
2.5,49
3,44
2.5,48
3,30
2.5,49
3,44
2.5,48
3,30
1.8,56
1.8,57
1.8,56
1.6,60
1.6,58
1.6,60
6.2,31
6.2,25
6.2,22
6.2,25
6.2,31
6.2,25
6.2,31
1.8,57
1.6,59
1.8,56
1.6,60
1.8,56
1.6,60
3,43
3,45
3,42
3,43
6.2,34
6.2,25
6.2,34
6.2,25
6.2,26
6.2,25
6.2,34
6.2,33
6,43
6,43
6,43
6,43
2.4,51
2.4,51
3.6,48
2.4,51
2.4,49
2.4,48
2.4,49
2.4,48
2.4,49
2.4,48
2.4,49
2.4,48
2.4,51
2.4,51
2.4,51
2.4,49
2.4,48
2.4,49
2.4,48
2.4,49
2.4,48
6,43
6,43
4.6,38
4.6,38
4.6,38
4.6,37
2.4,45
2.4,43
2.4,45
2.4,43
3,43
3,43
3,40
3,43
3,40
2.8,37
3,43
3,40
2.8,37
6.2,25
6.2,24
6.2,25
6.2,24
6.2,25
6.2,24
6.2,25
6.2,31
4,36
4,38
4,35
4,35
4,38
4,36
4,35
4,35
4,35
4,36
4,36
4,36
4,35
4,36
4,36
4,36
2.5,54
3.5,45
3,41
3,45
4.8,38
3,46
3,42
3,42
4.8,37
3,42
3,43
3,43
5.5,31
3,43
6.2,26
3.5,35
3.5,37
3.5,36
3,42
3,43
3,42
5.5,31
4.8,37
2.5,49
2,55
1.8,56
1.8,57
2.7,43
3.5,42
2.7,43
3.5,42
3.5,38
3.5,42
3.5,42
3.5,42
3.5,38
3.5,42
3.5,42
3.5,38
4.4,37
3,50
3,47
4.4,42
1.6,63
5.5,36
6.2,31
6,30
3,44
3.5,43
5.4,36
3,43
3.5,44
3,45
3.7,39
3.5,42
3.7,41
3.7,41
3.5,42
3.7,39
3,40
3,39
3,45
3.5,37
3.7,38
3.7,40
3.7,40
3.7,38
3.5,38
3.7,45
3.7,40
3.5,40
3.5,43
6.2,34
6.2,25
6.2,26
6.2,33
6.2,34
6.2,25
6.2,34
6.2,33
3.5,45
3.5,41
3.5,41
3.5,39
3.7,38
3.7,36
3.7,38
3.7,36
3.7,38
3.7,36
3.5,40
3.5,40
3.5,40
3.5,37
3.5,40
3.5,40
3.5,40
3.5,40
3.5,37
2.4,45
2.4,43
2.4,45
2.4,41
2.4,43
2.4,41
2.4,45
1.5,64
1.5,60
1.5,64
1.5,60
2,58
2,58
2,57
2,58
2,57
2.5,48
2.5,51
2.5,48
2.5,49
2.5,48
2.5,51
2.5,48
2.5,51
3.5,43
2,48
3.5,40
3.5,43
2,48
3.5,40
3.5,43
2,48
3.5,40
2.5,50
2.5,51
2.5,50
2.5,51
3.5,42
3.5,40
3.5,42
3.5,40
3.5,42
3.5,40
2,58
2,58
2,57
2,58
2,57
2.5,50
2.5,51
2.5,50
2.5,51
2.3,43
2.3,43
4,34
4,32
4,32
4.6,33
4,34
4,32
4.6,33
4,34
4,32
4,32
4.6,33
2.5,49
2.5,49
2.5,49
2.5,49
2.3,50
2.3,48
2.3,48
2.3,48
3.5,40
3.5,38
3.5,40
3.5,38
3.5,40
3.5,38
3.5,40
3.5,38
2.5,51
2.5,53
2.5,53
2.5,53
2.5,53
3.7,45
3.7,45
3,45
3,44
3,45
3,44
3,45
3,44
3.6,44
3.6,44
3.6,44
3.6,44
5.4,22
5.4,31
5.4,25
5.4,34
5.4,22
5.4,34
4.6,29
4.6,29
4.6,40
4.6,29
3,44
3,47
4.4,37
4.4,37
3.5,37
3.5,37
5,34
3,44
3,43
3,45
3,44
3,45
3,44
3,45
3,44
3.6,44
3.6,44
3.6,44
3.6,44
3.5,39
3.5,37
5,34
3,44
3.5,59
3.6,45
3.6,45
3.6,45
3.6,45
3.6,45
3.5,42
2,56
2,56
2.4,52
3,44
2,54
2,54
2.4,52
2.4,52
2,54
2,54
4.4,37
4.4,37
3,46
3,50
3.6,45
5.7,39
6.4,37
4.8,35
3.5,42
3.5,38
4.5,37
4.5,34
3.5,42
6.1,32
5.7,41
3.7,44
3.7,41
5.6,41
5.6,39
2.7,48
2.7,45
3.5,45
3.5,43
3.7,44
3.7,41
5.6,40
5.6,39
3.6,45
3.6,45
3.6,45
3.6,45
3.6,45
4.6,39
4.6,39
4.6,37
5.4,25
5.4,31
5.4,25
5.4,22
5.4,25
5.4,31
5.4,25
5.4,22
5.4,34
5.4,22
5.4,25
5.4,31
5.4,34
5.4,22
5.4,25
5.4,34
3.6,45
5.7,41
3.6,45
2.5,51
2.5,53
2.5,53
2.5,53
2.5,53
3.7,45
3.7,45
3.6,41
3.6,39
3.6,41
3.6,39
3.6,41
3.6,39
3.6,41
3.6,39
3.6,41
3.6,39
2.5,49
2.5,49
2.5,50
2.5,49
2.5,51
2.5,51
2.5,51
3.7,42
3.7,42
3.5,42
3.5,40
3.5,40
6.1,32
5.7,39
5.7,41
5.7,39
3.5,40
3.5,42
3.6,39
3.6,38
3.6,38
3.6,39
3.6,39
5.4,34
5.4,22
5.4,22
5.4,22
5.4,34
5.4,22
5.4,34
5.4,22
5.4,22
5.4,22
5.4,22
5.4,29
5.4,22
5.4,29
5.4,22
5.4,29
5.4,34
5.4,29
5.4,22
5.4,29
2,50
2,49
2,49
2,49
2,49
2,49
2,49
2,49
2,49
2,49
2,49
2,49
2,50
2,49
2,49
2,49
2,49
2,49
2,49
2,49
2,49
2,49
1.3,38
1.3,39
1.3,38
1.3,39
1.3,38
2.5,49
2.5,49
2.5,46
1.3,38
1.3,39
1.3,38
1.3,39
1.3,38
2.7,50
2.7,48
3.5,45
3.5,43
1.5,65
1.5,64
2.4,37
2.4,49
2.4,37
2.4,49
3,41
2.4,54
2.4,49
3,30
3,29
2.4,37
2.4,49
3,41
3,29
3,39
1.5,65
1.5,64
2.5,54
1.5,65
1.5,64
5.6,32
2.4,54
2.4,49
2.4,54
2.4,49
3,41
3,38
3,30
3,29
2.4,54
2.4,49
3,41
3,38
3,30
3,29
2.4,54
2.4,49
3,41
3,38
3,41
3,29
1.5,65
1.5,64
1.5,65
1.5,64
2,48
2,48
2,49
2,49
2,47
2,47
2,47
2,47
2,47
2,47
2,47
2,47
5.6,30
5.6,32
4.6,29
5.6,30
5.6,22
5.6,30
3.8,43
3.6,43
3.8,43
3.6,42
3.6,43
3.8,40
3.8,42
3.8,43
3.7,42
3.7,40
5.6,22
5.6,22
5.6,30
5.6,30
2.5,51
2.5,49
2.5,46
2.5,49
2.5,46
2.5,49
2.5,46
3,33
3,30
5.6,22
5.6,22
2.5,50
2.5,49
2.5,46
2.5,49
2.5,46
2.5,49
2.5,46
3,44
3,41
1.5,65
1.5,64
1.5,68
1.5,65
1.5,65
3.8,40
3.6,43
3.8,44
3.8,42
3.6,44
3.8,42
5.7,34
3.6,38
3.6,38
3.6,39
5.7,33
3.6,42
3.6,42
3.6,42
3.6,42
3.6,42
3.7,35
5.7,34
3.7,33
5.7,32
5.7,34
5.7,32
2,52
2.4,50
3.6,41
3.6,39
3.6,41
3.6,39
3.6,41
3.6,39
3.6,41
3.6,39
2.9,43
2.9,43
2.9,42
3.7,40
2.4,54
3.7,40
2.4,49
2.9,43
2.9,43
2.9,42
2.9,40
3.7,40
2.4,54
3.7,40
2.4,49
2.9,43
2.9,43
2.9,43
2.9,40
3.7,40
2.4,54
3.7,40
2.4,49
2.9,43
2.9,43
2.9,42
2.9,40
3.7,40
5.3,34
3.7,40
2.9,43
2.9,43
5.3,34
3.7,37
5.3,33
3.7,40
2.4,49
2.9,43
2.4,54
3.7,40
3.7,40
5.3,34
5.3,33
3.7,40
3.7,37
5.3,34
5.3,33
2.9,40
3.7,42
3.7,40
3.5,40
3.5,38
3.5,40
3.5,40
3.5,38
3.5,40
3.5,38
1.5,65
1.5,65
1.5,68
1.5,65
2.7,45
3.5,42
3.5,39
2.7,45
3.5,42
3.5,39
3.5,42
3.5,39
4,42
3.8,39
3.3,41
3.3,41
3.8,39
2,52
2.4,51
2.4,51
2,52
2.4,51
2.4,51
2.4,49
2.4,51
2.4,45
3.6,40
3.6,40
3.6,40
3.7,42
3.7,40
3.7,46
3.7,46
3.7,43
3.7,42
4.8,37
3.7,46
3.7,43
3.7,42
4.4,37
4.4,35
4.4,34
4.4,34
6,32
4.4,35
4.4,37
2.4,54
2.4,49
2.4,54
2.4,54
2.4,49
2.4,54
2.4,49
2.4,49
4.4,34
6,32
4.4,36
4.4,34
4.4,37
3,42
3,42
4.4,34
2.4,44
3.5,38
3.5,38
3.5,38
3.5,40
3.5,40
3.5,40
4.4,41
4.4,41
4,37
4,37
4,37
4,36
4,37
4.4,41
4,36
4.4,34
4.4,36
4.4,36
4.4,34
3.5,46
3.7,38
3.7,38
4,37
3.7,36
3.7,38
3.7,36
4,37
3.7,36
4,36
4,36
4.3,35
5.3,31
5.3,30
3.7,46
3.7,46
3.7,43
3.7,42
3.7,42
2.4,54
2.4,49
2.4,54
2.4,49
3,30
3,38
2.4,54
2.4,49
3,30
3,38
2.4,54
2.4,49
2.4,49
3,41
4,37
4,37
5.3,27
5.3,36
6.2,32
5.3,27
5.3,27
6.2,31
3.6,43
3.8,43
3.8,40
3.6,43
3.8,43
3.8,43
3.6,43
5.3,36
5.3,27
6.2,32
5.3,36
5.3,36
6.2,25
3.7,46
3.7,46
3.7,43
3.7,42
5.3,36
5.3,36
6,26
6,25
5.3,36
5.3,36
6,26
6,25
6.2,32
6.2,31
3.7,46
5.3,27
5.3,27
6,26
6,25
5.3,36
5.3,27
6,26
6,25
6.2,34
6.2,25
5.6,30
5.6,29
5.6,34
5.6,34
3.7,37
3.7,37
2.3,43
2.3,39
2.3,43
2.3,39
4,33
3.7,39
3.7,39
4,33
3.7,38
3.7,41
3.5,44
3.7,42
3.7,42
4,34
4,34
3.5,44
3.7,42
3.7,42
4,34
4,34
6,27
4.3,35
5.3,31
5.3,23
4.8,28
6,27
4.8,20
2,55
2.4,51
2.4,48
3.5,45
2,55
2.4,53
2.4,50
3.5,47
2.4,52
4.3,35
5.3,23
5.3,23
6,43
6,43
6,43
6,43
6,43
6,43
6,43
6,43
3.6,43
3.6,43
3.8,40
3.8,43
3.8,43
5.3,23
5.3,30
5.3,21
5.3,30
3.4,45
3.4,46
2.9,46
8.4,35
8.4,35
3.4,45
2.9,46
3,44
3.6,37
4.8,37
3.6,39
4.8,38
4.8,31
4.8,31
4.8,28
4.8,31
4.8,28
3.6,34
4.8,32
3.6,34
2,55
4.8,20
6,27
4.8,20
6,27
2.2,54
2.2,52
2.2,39
2.2,52
2.4,39
2.4,52
2.2,54
2.2,52
2.2,39
2.2,52
2.4,38
2.4,36
2,50
2,48
2.2,39
2.2,52
2.2,39
2.2,52
2.2,54
2.2,38
2.4,52
2.4,36
3.8,44
2.9,46
3.4,46
3.4,45
2.9,46
3.4,45
3.6,35
3.6,48
3.6,48
3.5,36
3.5,36
3.9,44
2.5,43
2.5,48
2.5,48
2.5,48
2.5,48
2.5,43
3.5,36
3.5,47
3.9,33
3.6,38
3.6,41
3.6,41
3.6,41
3.6,38
3.6,38
3.6,41
3.6,38
3.6,38
3.6,41
3.6,38
3.6,41
2.4,45
2.4,44
2.4,42
2.4,44
2.4,42
2.4,49
3.6,44
3.6,42
2.4,49
2.4,49
3,41
3.6,44
3,43
3,43
2.4,45
2.4,44
2.4,42
2.4,44
3.2,40
2.4,44
2.4,42
3.2,40
2.4,42
6,27
6,20
3.5,45
3.5,45
3.5,45
3.5,47
3.5,47
6,27
6,27
4.3,35
5.3,23
5.3,23
4.8,20
6,20
4.8,24
4.8,26
4.8,20
4.3,35
4.8,20
2.5,48
2.5,48
3.5,39
3.5,39
3.5,42
3.5,42
5.3,23
5.3,30
5.3,23
5.3,21
2.4,52
2.4,49
4.3,35
5.3,31
2.4,52
2.4,49
2.4,49
2,49
2,49
2,46
2,46
2,46
2,49
2,49
2,46
2,56
2,55
2,56
2,52
2,52
2,52
2,56
2,55
2,56
2,47
2,47
2,52
2,44
2,44
2,52
2,49
2,49
2.5,43
2.5,47
2.5,46
2.5,46
2.5,43
2.5,47
2.5,46
3.5,46
3.5,43
3.5,45
4.6,41
2,59
2,59
2,59
2,59
3.9,33
3.9,33
4.6,38
3.9,33
3.9,43
3.9,43
3.9,43
3.9,33
3.9,43
3.9,43
3.9,43
4.6,37
3.9,43
2,34
2.4,49
5.9,28
5.9,33
2,47
2,44
2,44
2,49
2,47
2,52
3.6,39
3.6,38
3.6,39
5.7,34
3.6,28
5.7,32
3.6,30
5.7,34
3.6,28
5.7,32
3.6,39
5.7,34
3.6,38
5.7,32
3.6,39
5.7,34
3.6,38
5.7,32
3.6,28
5.7,32
2,49
2,52
5.9,28
5.9,33
2.5,43
2.5,44
2.5,46
2.5,47
2.5,46
2.5,47
2.5,40
2.5,47
2.5,46
3.7,37
5.7,34
3.7,35
5.7,32
3.7,37
5.7,34
3.7,35
5.7,32
6.1,28
3.6,39
3.7,38
3.7,36
3.7,38
3.7,36
3.7,38
3.7,36
3.7,38
3.7,36
3.7,38
3.7,36
3.7,38
3.7,36
3.7,36
3.2,37
3.2,37
3.2,37
3.2,37
5,29
5,29
5,29
5,29
3.7,38
3.7,36
3.7,38
3.7,36
3.7,36
5,30
5,30
5,30
5,30
5,30
2,46
2,46
2,46
2,46
2,46
2.4,47
3.6,35
3.6,48
5.7,25
5,31
5,29
5,31
2.4,49
2.7,32
3.5,43
5,31
5,29
2.4,51
2.4,51
5,29
2,52
2,52
2,44
2,47
2,46
2,49
2.5,54
2.5,54
2.5,54
2.5,54
2.5,54
2.5,54
2.4,47
2.4,50
5.9,28
5.9,33
2.4,47
2.4,50
5.9,28
5.9,33
2,49
2,46
2,52
2,44
2,46
1.6,66
1.6,64
1.6,62
1.6,60
1.6,58
1.6,66
1.6,64
1.6,62
1.6,60
1.6,58
1.6,65
1.6,58
1.6,60
1.6,56
1.6,58
1.6,62
1.6,62
1.6,62
1.6,60
1.6,58
1.6,63
1.6,63
1.6,62
1.6,60
1.6,58
1.6,64
1.6,58
1.6,60
1.6,56
1.6,58
5,39
5,37
5,36
5,36
5,36
5,36
2.4,55
2.4,55
2.4,55
3.6,43
2.4,55
3.6,43
3.5,43
1.6,62
1.6,62
1.6,62
1.6,60
1.6,58
5.9,28
5.9,30
1.6,63
1.6,63
1.6,62
1.6,60
1.6,58
1.6,64
1.6,58
1.6,60
1.6,56
1.6,58
5.9,32
5.9,32
2.4,51
2.4,51
2.4,51
3.6,35
5,38
5,37
5,40
5,37
5,37
3.6,45
3.6,45
5.7,41
5.7,38
5,38
5,37
2.5,46
2.5,47
2.5,43
5,37
5,40
5,39
5,39
5,36
5,36
2,52
2.4,51
2.4,50
2,52
2.4,51
2.4,50
2.4,51
2.4,50
2.4,51
2.4,50
2.7,44
3.5,40
3.5,42
3.5,42
3.5,40
5.7,41
5.7,39
3.5,42
5.7,41
6.1,32
3.6,42
3.6,42
3.6,42
3.8,39
4,42
3.8,39
3.8,39
4.2,41
5,39
5,36
5,36
2,52
2.4,51
2.4,51
2,52
2.4,51
2.4,51
2.4,51
2.4,51
1.8,48
1.8,46
1.8,46
1.8,48
1.8,46
2.4,55
2.4,55
2.4,55
3.6,43
2.4,55
3.6,43
3.5,44
1.6,62
1.6,55
1.6,58
1.6,57
1.6,56
1.6,53
1.6,63
1.6,55
1.6,58
1.6,57
1.6,56
1.6,53
2.4,52
2.4,52
2.4,55
2.4,55
3.6,43
2.4,55
3.6,43
1.8,46
1.8,46
1.8,46
1.8,46
1.8,48
1.8,61
1.8,60
1.8,61
1.8,60
1.8,61
1.8,60
2.4,60
4.2,33
4.7,33
4.2,31
4.7,31
4.7,32
4.7,31
4.2,32
4.7,31
4.7,31
3.8,34
3.8,34
3.8,34
3.8,34
3.8,34
3.8,34
3.8,34
3.8,34
3.8,34
3.8,34
3.8,34
3.8,34
3.8,34
3.8,34
3.8,34
3.8,34
3.8,34
3.8,34
3.8,34
3.8,34
3.8,34
3.8,34
3.8,34
3.8,34
3.8,34
3.8,34
3.8,34
3.8,34
3.8,34
3.8,34
3.8,34
3.8,35
3.8,34
3.8,34
3.8,35
3.8,34
3.8,34
3.8,34
3.8,34
3.8,34
2.9,43
2.9,42
2.9,40
3.7,40
3.7,40
4.2,32
4.7,31
4.7,31
3.5,35
3.5,35
3.5,35
3.5,35
3.5,35
3.5,35
1.6,66
1.6,64
1.6,62
1.6,60
1.6,58
4.6,29
4.6,29
2.5,49
2.5,46
3,33
3,41
2.5,49
2.5,46
3,33
3,30
3.3,41
4,42
5,28
5,28
3,41
3,41
2.5,60
2.5,60
2.5,60
3.5,51
2.5,60
3.5,51
3,44
3,45
4,37
4,33
4,37
1.8,61
1.8,60
1.8,61
1.4,69
1.8,60
1.8,61
1.4,69
1.8,60
3,36
3,45
4.8,33
5.3,36
5.3,27
5.3,27
5.3,36
5.3,36
5.3,36
3,45
4.4,34
3,39
3,39
3,39
6,26
6,25
6,26
6,25
5.3,36
5.3,36
5.3,36
2.9,43
2.9,43
2.9,42
2.9,40
3.7,40
3.7,40
2.9,43
2.9,43
2.9,42
2.9,40
3.7,40
3.7,40
2.5,46
2.5,47
2.5,40
2.5,47
2.5,46
2.5,44
2.9,43
2.9,43
2.9,42
2.9,40
3.7,40
5.3,35
3.7,40
5.3,33
2.5,43
2.5,46
2.5,40
2.5,46
2.5,47
2.5,47
2.5,40
2.5,43
3.7,40
3.7,40
5.3,35
5.3,33
2.9,43
3.7,40
5.3,35
3.7,37
5.3,33
3.7,40
3.7,37
5.3,35
5.3,33
3.7,34
4.7,22
5.7,34
4.7,31
5.7,32
4.7,33
4.7,31
5.7,34
5.7,32
3.7,34
4.7,22
5.7,34
4.7,31
5.7,32
4.7,33
5.7,34
4.7,21
5.7,32
5.7,34
5.7,32
4.7,22
5.7,32
4.7,33
5.7,34
4.7,21
5.7,32
4.7,33
5.7,34
4.7,21
5.7,32
5.7,34
5.7,32
5.7,34
5.7,32
5.7,34
5.7,32
4.3,35
4.8,33
5.3,27
4.3,32
4.8,23
5.3,27
4.8,33
5.3,27
4.8,31
5.3,27
5.7,34
5.7,32
5.3,36
5.3,27
5.3,27
5.3,27
5.3,36
5.3,36
4.4,31
3,36
5.3,36
5.3,36
5.3,36
5.3,36
5.3,36
5.3,36
3,39
4.4,34
6,43
6,43
6,43
6,43
3,46
3,43
3.6,41
3.6,39
3.6,41
3.6,39
3.6,41
3.6,39
3.6,41
3.6,39
3,46
3,45
3,46
6.2,31
6.2,22
6.2,31
6.2,33
6.2,25
6.2,25
3,43
2.8,37
3,43
3,40
3,40
4.3,35
4.8,24
5.3,36
4.3,32
4.8,31
5.3,27
4.8,33
5.3,36
4.8,31
5.3,27
5.9,32
6,28
6,28
2,34
2,53
2.8,44
2.8,44
2,53
2,46
2.8,43
2.5,49
2.5,46
3,33
3,30
2.5,49
2.5,46
3,44
3,30
3.6,41
3.6,39
3.6,41
3.6,39
3.6,41
3.6,39
3.6,41
3.6,39
3.6,41
3.6,39
3.6,41
3.6,39
3.6,41
3.6,39
3.6,41
3.6,39
2.5,51
2.5,56
2.5,56
3,35
3,32
2.5,51
2.5,53
2.5,53
3,46
3,43
3.5,43
4.6,41
3.5,45
4.7,32
4.7,32
4.7,31
4.7,32
4.7,32
4.7,31
4.3,35
4.8,24
5.3,27
4.8,31
5.3,27
4.8,33
4.8,31
4.8,24
5.3,27
6.2,31
4.8,23
5.3,36
6.2,22
5.3,27
6.2,22
5.3,27
6.2,30
5.3,36
5.3,36
5.3,36
5.3,36
5.3,36
5.3,36
5.3,27
5.3,36
5.3,36
5.3,36
5.3,27
5.3,27
2.5,46
2.5,47
5.3,27
5.3,27
5.3,27
5.3,27
5.3,27
5.3,27
2.5,46
2.5,47
3.6,43
2.5,43
2.5,46
2.5,46
4.8,24
5.3,36
4.8,23
5.3,27
4.8,33
4.8,23
4.8,24
5.3,27
6.2,31
4.8,23
5.3,36
6.2,30
5.3,37
5.3,36
6.2,22
5.3,27
6.2,30
6.2,22
6.2,30
4.3,35
4.8,24
5.3,27
4.3,32
4.8,31
5.3,36
4.8,24
5.3,36
4.8,23
5.3,36
3.7,34
4.7,22
5.7,34
4.7,31
5.7,31
4.7,33
4.7,21
3.7,34
4.7,33
5.7,34
4.7,21
5.7,31
4.7,22
5.7,34
4.7,21
5.7,31
5.7,34
5.7,31
4.7,22
5.7,34
4.7,21
5.7,31
4.7,22
5.7,34
5.7,31
5.7,34
5.7,31
4.7,21
2.5,44
2.5,50
2.5,46
3.5,43
3.5,43
5.7,34
5.7,31
2.7,46
2.7,44
2.7,38
2.7,39
2.7,46
2.7,44
2.7,44
4,38
2.7,38
2.7,39
4,32
4,36
2.7,44
2.7,44
4,38
4,38
4,32
4,36
4,36
4,34
2.5,46
2.5,51
2.5,47
3.5,47
2.7,46
2.7,44
2.7,39
2.7,46
2.7,46
2.7,44
2.7,46
4,33
4,38
2.7,39
4,32
4,36
4,32
4,36
4,36
4,38
4,38
4,33
5.3,36
4.3,32
4.8,31
5.3,36
4.8,24
5.3,36
4.8,23
5.3,36
2.9,43
3.7,40
2.9,43
3.7,40
2.9,42
2.9,40
3.7,40
2.9,40
3.7,40
3.7,40
3.7,40
5.3,34
5.3,34
3.7,37
3.7,37
5.3,33
4.3,35
4.8,24
5.3,27
4.8,23
5.3,36
4.8,33
4.8,23
4.8,33
5.3,36
6.2,32
4.8,31
5.3,27
6.2,31
5.3,27
6.2,24
5.3,27
4.8,33
2.9,43
3.7,40
2.9,43
3.7,40
3.7,40
5.3,34
5.3,34
2.9,42
2.9,40
3.7,40
2.9,40
3.7,40
3.7,40
5.3,33
5.3,27
5.3,36
5.3,27
5.3,36
5.3,27
5.3,27
2.9,43
3.7,40
2.9,43
2.9,43
3.7,40
2.9,42
2.9,40
3.7,40
2.9,42
2.9,40
3.7,40
3.7,40
5.3,34
3.7,40
5.3,34
5.3,34
3.7,37
5.3,33
3.7,37
5.3,33
2.9,43
3.7,40
2.9,43
2.9,43
3.7,40
5.3,34
3.7,40
5.3,34
5.3,34
2.9,42
2.9,40
3.7,40
2.9,42
2.9,40
3.7,40
5.3,33
3.7,40
5.3,33
4.8,24
5.3,36
4.8,23
5.3,27
4.8,33
4.8,31
4.8,33
5.3,36
6.2,24
4.8,23
5.3,27
6.2,22
5.3,27
5.3,36
6.2,24
5.3,27
6.2,31
6.2,24
6.2,22
2.4,50
2.4,50
2.4,50
2.4,50
2.4,50
2.4,50
2.4,50
2.4,50
2.4,50
2.4,50
1.8,60
1.8,60
1.8,60
1.8,60
5.9,31
1.8,60
1.8,60
5.9,31
4,36
4.6,35
5.7,30
5.7,30
4,36
5.7,32
5.7,30
5.7,30
4,36
4.6,35
4.6,33
5.7,32
5.7,30
5.7,30
5.7,32
5.7,30
4.6,35
4.6,33
5.7,30
5.7,30
4.6,35
4.6,33
5.7,32
5.7,30
5.7,30
5.7,32
2.5,44
3.5,43
2.5,50
2.5,46
2.5,51
3.5,47
5,39
5,37
5,36
5,36
5,36
5,36
5.7,30
5.7,30
2.5,46
2.5,43
3.6,43
2.5,46
5.9,31
5.9,31
4,35
4,33
4,33
2.5,42
2.5,39
4,35
2.9,43
3.7,40
2.9,43
2.9,43
3.7,40
2.9,42
2.9,40
3.7,40
2.9,42
2.9,40
3.7,40
3.7,40
5.3,35
3.7,40
5.3,35
5.3,35
3.7,37
5.3,33
3.7,37
5.3,33
2.9,41
3.7,40
2.9,46
2.9,41
3.7,40
5.3,35
3.7,40
5.3,35
5.3,35
2.9,42
2.9,39
3.7,38
2.9,42
2.9,39
3.7,38
2.9,41
3.7,38
5.3,33
2.5,42
2.5,46
3.6,43
2.5,46
2.5,42
4,35
4,33
4,36
4,35
4,35
4,35
4,35
4,33
4,35
4,33
4,33
4,35
4,36
4,33
2.5,39
4,35
4,36
4,33
4,35
4,35
4,33
4,35
4,35
2.5,39
4,33
4,35
4,35
4,35
4,34
4,34
2.5,42
2.5,42
2.5,42
4,35
4,34
3.6,43
2.5,46
2.5,46
6,243
6,43
6,43
6,43
6,43
6,43
6,43
6,43
6,43
6,43
6,40
6,40
3.2,42
2.3,49
3,42
2.3,49
2.3,43
2.3,49
3,42
2.3,49
2.3,43
4,37
4,35
2.3,49
2.3,43
4,34
4,32
4,37
4,35
4,37
4,35
4,34
4,32
4.8,33
5.3,36
4.8,24
5.3,27
4.3,32
4.8,23
5.3,36
4.8,31
5.3,27
4.3,35
4.8,24
5.3,27
4.8,33
5.3,36
4.3,32
4.8,31
5.3,27
4.8,23
5.3,27
5,39
5,39
4,35
4,35
2.5,39
4,34
2.5,42
4,33
4,35
4,36
2.5,42
4,33
4,33
4,34
2.5,39
2,52
5.7,30
5.7,30
2.3,49
2.3,43
2.3,49
2.3,43
2.3,49
2.3,43
2.3,49
2.3,43
4,36
4,37
4,36
4,37
4,34
4,32
4,36
4,37
4,36
4,37
4,34
4,32
4.6,29
5.4,28
4.6,21
5.4,28
4.6,21
5.4,21
4.6,29
5.4,27
4.6,21
5.4,21
3.6,41
3.6,41
3.6,38
3.6,38
3.6,38
3.6,41
3.6,41
3.6,38
5.4,20
6.8,23
5.4,26
6.8,23
5.4,26
6.8,23
5.4,26
6.8,23
5.4,26
6.8,23
5.4,26
6.8,23
5.4,26
6.8,23
5.4,20
6.8,23
2.4,61
2.4,61
3.6,44
3.6,30
3.6,44
2.4,61
3.6,44
2.4,61
3.6,44
3.6,32
3.6,42
3.6,30
3.6,32
3.7,35
3.7,32
3.7,35
4.7,22
3.7,32
4.7,22
3.7,35
4.7,22
3.7,32
4.7,33
3.7,35
4.7,33
3.7,32
4.7,22
4,36
4,35
4,36
4,35
4,34
4,33
4,34
4,33
4,35
4,33
4,35
4,35
4,33
4,33
2,47
2.4,37
2,47
2,52
2.4,50
2,52
2.4,37
2,47
2,52
2,46
2.5,44
2.5,40
2.5,44
4.6,30
5.4,21
4.6,21
5.4,28
4.6,30
5.4,21
4,34
4.6,35
4.6,33
5.7,32
5.7,30
5.7,30
4,34
4.6,35
4.6,33
5.7,32
5.7,30
5.7,30
4,34
4.6,35
4.6,33
5.7,32
5.7,30
5.7,30
4.6,35
4.6,33
5.7,32
5.7,30
5.7,23
4.6,35
4.6,33
5.7,32
5.7,30
5.7,23
4.6,35
4.6,33
5.7,32
5.7,30
5.7,23
4.6,35
4.6,33
5.7,32
5.7,30
5.7,30
4.6,30
5.4,21
4.6,22
5.4,21
4.6,30
5.4,21
2.5,43
2.5,43
5.6,31
5.6,29
5.6,31
5.6,29
5.6,29
5.6,31
5.6,29
5.6,31
5.6,31
5.6,29
5.6,29
5.6,29
5.6,31
5.6,29
5.6,31
5.6,29
3.7,35
3.7,32
3.7,35
4.7,33
3.7,32
4.7,28
3.7,35
4.7,33
3.7,32
4.7,21
3.7,35
4.7,33
3.7,32
4.7,33
2.5,44
2.5,44
2.5,43
2.5,43
5.3,36
4.8,33
4.8,24
6.2,31
5.3,27
5.3,27
6.2,22
4.8,31
5.3,36
4.8,31
4.8,23
6.2,30
5.3,36
6.2,22
3.6,43
3.6,43
4.8,24
5.3,27
4.8,33
4.8,24
6.2,22
5.3,36
6.2,22
4.8,23
5.3,27
4.8,23
4.8,23
6.2,22
5.3,36
6.2,30
5.3,27
5.3,36
5.3,36
5.3,27
5.3,36
5.3,36
5.6,31
5.6,22
5.6,22
5.6,31
5.6,29
5.6,31
5.6,31
5.6,29
5.6,29
5.6,29
5.6,31
5.6,29
4.8,33
5.3,27
4.8,24
5.3,27
4.3,32
4.8,31
5.3,27
4.8,23
5.3,27
4.3,35
4.8,33
5.3,27
4.8,33
5.3,27
4.3,32
4.8,23
5.3,36
4.8,23
5.3,27
4.6,30
5.4,28
4.6,30
5.4,28
4.6,21
5.4,28
4.6,21
5.4,28
5.3,27
4.8,33
4.8,33
5.3,36
6.2,32
5.3,37
5.3,36
6.2,32
4.8,23
5.3,36
4.8,23
4.8,23
5.3,36
6.2,31
5.3,27
6.2,31
4.6,30
5.4,21
4.6,30
5.4,21
4.6,30
5.4,21
4.6,22
5.4,21
4.8,24
5.3,27
4.8,33
4.8,33
5.3,27
6.2,32
5.3,36
6.2,32
4.8,23
5.3,36
4.8,31
4.8,23
5.3,36
6.2,22
5.3,36
6.2,31
5.3,27
5.3,36
5.3,36
5.3,36
5.3,27
5.3,36
5.4,28
6.8,24
5.4,21
6.8,24
5.4,28
6.8,24
5.4,28
6.8,24
5.4,27
6.8,24
5.4,21
6.8,24
5.4,21
6.8,24
5.4,21
6.8,24
5.6,31
5.6,31
5.6,29
5.6,29
5.6,31
5.6,22
5.6,29
5.6,21
5.6,29
5.6,29
5.6,31
5.6,22
5.6,29
5.6,29
5.6,31
5.6,31
5.6,31
5.6,22
5.6,29
5.6,21
5.6,29
5.6,21
5.6,29
5.6,29
5.6,21
5.6,22
5.6,29
5.6,29
2.5,43
3.6,43
3.6,43
3.6,43
3.6,43
3.6,43
3.6,43
5.6,31
5.6,29
5.6,31
5.6,29
5.6,29
5.6,31
5.6,29
5.6,31
5.6,31
5.6,29
5.6,29
5.6,29
5.6,31
5.6,29
3.7,34
5.7,32
5.7,34
4.7,22
5.7,34
4.7,20
5.7,32
5.7,32
4.7,31
5.7,32
5.7,34
4.7,33
5.7,34
4.7,22
5.7,34
5.7,32
4.7,31
5.7,32
4.7,31
5.7,32
5.7,34
5.7,34
4.7,22
5.7,34
5.7,32
5.7,32
4.7,31
5.7,32
4.7,31
5,36
3.5,38
5,26
3.5,38
5,26
3.5,38
5,33
3.5,36
5,33
3.5,36
5,33
3.5,36
5,36
3.5,38
5,33
3.5,36
5,36
3.5,38
5,33
3.5,36
5,26
5,24
5,24
3.5,36
5,36
3.5,38
6.2,31
5,24
3.5,36
6.2,28
5,26
5,26
3.5,38
3.5,36
5,26
3.5,38
6.2,31
5,24
3.5,36
6.2,28
5,36
3.5,38
5,33
3.5,36
3.7,29
5,36
3.7,37
5,24
3.7,29
5,36
3.7,37
5,24
6.2,28
6.2,28
3.7,40
5,36
3.7,37
5,24
3.5,40
5,36
3.5,38
3.7,37
5,24
3.5,36
3.7,29
5,36
3.5,38
3.7,37
5,33
3.7,29
5,26
5,36
3.5,38
3.7,37
5,24
3.5,36
3.7,29
3.7,40
5,24
3.5,36
5,36
5,33
3.7,40
5,26
3.7,37
5,24
3.7,29
5,26
3.5,38
5,33
5,24
3.5,36
3.7,29
5,26
3.5,38
3.7,37
5,24
3.5,36
3.7,29
5,36
3.5,38
5,33
3.5,36
3.7,40
5,26
3.5,38
5,24
3.5,36
5,36
3.5,38
5,33
3.5,36
6.2,31
6.2,28
6.2,31
5.4,32
5.4,23
5.4,23
5.4,24
5.4,32
5.4,24
5.4,23
5.4,34
5.4,23
4.6,34
4.6,32
4.6,34
4.6,34
4.6,36
4.6,32
4.6,34
5.4,32
4.6,34
4.6,32
4.6,34
4.6,36
5.4,24
4.6,32
4.6,34
5.4,32
4.6,34
4.6,36
5.4,34
4.6,32
4.6,34
5.4,23
4.6,34
4.6,36
4.6,32
4.6,34
4.6,34
5.4,32
4.6,34
4.6,36
4.6,34
4.6,34
4.6,36
4.6,34
4.6,34
4.6,32
5.4,32
5.4,23
4.6,34
4.6,36
5.4,34
4.6,32
4.6,34
5.4,32
4.6,36
4.6,34
4.6,34
5.4,23
4.6,36
5.4,34
4.6,34
5.4,32
4.6,36
5.4,24
4.6,34
5.4,23
4.6,36
5.4,24
4.6,34
5.4,32
6,43
6,43
6,43
6,43
6,43
6,43
6,43
6,43
6.2,28
5.9,28
3,54
3,48
4.4,40
3,44
3,44
3.7,34
4.7,22
5.7,34
4.7,31
5.7,32
4.7,22
5.7,34
4.7,31
5.7,32
4.7,34
5.7,32
4.7,31
3,46
3,45
3,47
3,46
3,46
3,48
3,43
3,43
3,45
3,42
3,42
2,62
2,66
2,64
2,64
3.7,43
3.7,43
3.7,43
3.7,44
3.7,44
3.7,44
3.7,45
3.7,45
1.6,56
1.6,56
1.6,68
5,38
5,38
3.5,46
3.5,46
2.4,48
3.5,46
3.5,46
3.5,46
2.4,48
3.5,46
2.4,45
5.4,24
5.4,34
5.4,34
5.4,24
5.4,34
5.4,24
5.4,24
5.4,24
5.4,22
5.4,31
5.4,22
5.4,31
5.4,22
5.4,22
5.4,22
5.4,31
4,38
4,35
4,38
4,36
4,35
4,36
4,35
4,37
4,34
4,37
4,34
4,37
4,34
4,37
4,34
5.6,31
3.8,39
3.8,37
3.8,37
3.8,39
2.5,49
2.5,49
2.5,46
3.7,46
3.7,43
3.7,42
3.7,46
3.7,46
3.7,43
3.7,42
2.5,50
2.5,50
2.4,50
2,52
5.6,32
5.6,31
5.6,30
5.6,30
5.6,32
5.6,22
5.6,30
5.6,30
5.6,32
5.6,31
5.6,30
5.6,30
2.5,51
2.5,47
2.5,47
3.5,46
3.5,44
2.5,46
2.5,47
2.5,51
5,39
3.5,47
4.6,40
4.6,39
4.6,40
4.6,39
2.7,43
3.5,43
2.7,43
3.5,43
3.5,40
3.5,43
3.5,43
3.5,43
3.5,40
3.5,43
3.5,43
3.5,40
2,50
4.2,46
4.2,46
6.3,35
2.5,43
2.4,57
2.4,57
2.4,57
2.4,57
2.4,57
2.4,57
3.5,50
2.4,57
3.5,50
2.4,55
2.4,55
3.5,42
3.5,43
2.4,55
2.4,55
2.4,55
3.5,43
3.5,48
3.7,42
3.7,40
3.7,46
3.7,42
4.8,27
3.5,41
3.5,41
3.5,41
3.5,41
3.5,39
3.5,37
5,34
5.6,34
5.6,34
3.6,29
3.6,29
3.6,39
5.7,34
3.6,39
5.7,33
5.7,34
5.7,33
3.6,29
5.7,34
3.6,39
5.7,33
6.4,30
3.6,40
3.6,40
3.6,30
3.6,39
3.6,39
3.6,39
3.6,40
3.6,29
4,40
4,39
4,39
4,40
4,39
1.5,64
1.5,64
1.5,62
1.5,62
4.6,34
5.7,31
4.6,31
5.7,30
5.7,30
5.7,31
5.7,30
5.7,30
2,58
2,58
2,57
2,66
2,68
2,68
2.5,48
2.5,51
5.7,41
5.7,38
2,44
2,49
2,48
2,49
2,48
2,49
2,48
3.6,45
5.7,38
5.7,41
6.4,37
6.4,37
2.4,51
2.4,51
3.6,35
3.6,35
2,56
2,56
2,58
2,52
2.5,56
2.5,55
2.5,56
2.5,55
2,72
2,55
2.5,55
2.5,56
2.5,55
2.5,55
2,72
2,52
2,52
3.6,42
2,65
2,67
2,67
2.5,48
2.5,51
2.3,43
3.6,42
3.6,30
3.6,30
3.6,30
3.6,42
2,50
2,49
2,49
2,49
2,49
2,49
2.4,45
2.4,45
3.6,31
3.6,40
3.6,31
3.6,40
3.6,42
3.6,40
3.7,41
3.7,38
3.7,41
3.7,38
3.7,41
3.7,38
2,59
2,62
2,62
2.4,55
2,57
2,59
2.4,54
2.4,54
2,62
2.4,55
1.8,67
1.8,64
1.8,64
1.8,67
2.4,59
2.4,59
2.4,59
2,56
2,56
1.6,70
1.6,70
1.6,70
1.6,70
1.6,62
1.6,62
2,60
2,60
2,60
2.5,54
2.5,54
2.5,53
2.5,53
2.5,53
2,74
3.6,39
3.6,39
3.6,39
3,47
3,47
3,47
3,44
3.6,41
3.6,41
3.6,41
3.6,41
3.6,39
3.6,39
3.6,39
3.6,39
3.6,41
3.6,39
2.4,54
2.4,49
2.4,54
2.4,49
2.4,54
2.4,49
2.4,54
2.4,49
3,30
3,29
3,30
3,39
3,30
3,29
5.3,36
5.3,36
5.3,27
5.3,27
5.3,36
5.3,36
5.3,36
5.3,36
6,26
6,25
6,25
1.8,67
1.8,67
2.4,53
5.7,33
1.8,70
5.7,33
6,43
6,43
3.6,29
3.6,40
5.7,33
2.5,51
2.5,51
2.5,46
5.3,23
5.3,30
5.3,30
5.3,30
4.8,28
6,27
4.8,20
6,19
4.8,20
6,19
4.8,20
6,19
1.8,64
1.8,67
1.8,64
1.8,67
1.8,64
1.8,67
1.8,67
2.4,53
2.5,56
2.5,55
2,72
2.5,55
2,72
2,46
2.4,51
3.6,45
3.6,45
3.6,45
3.6,45
3.6,45
3.6,45
5,42
5,42
5,36
5,36
5,42
5,37
5,36
5,36
5,36
5,36
3,42
3,45
3,44
3,42
3,45
3.6,45
3.6,45
3.6,45
3.6,45
3,44
5.7,33
5,37
5,40
5,37
5,38
5,37
3.7,36
3.7,36
3.7,38
3.7,36
3.7,36
3.7,38
3.7,38
3,45
3,44
3,45
3,44
3.6,44
3.6,44
3.6,44
3.6,44
3.5,45
6.2,33
6.2,30
3.2,39
3.2,39
3.5,45
3.2,42
6.2,33
6.2,30
3.2,42
3.5,44
2,46
3.6,42
3.6,30
3.6,42
3.6,42
2,52
2,52
5.7,34
5.7,34
5.7,34
5.7,34
2.5,50
2.5,50
2.5,50
2.5,50
2.5,51
2.5,51
2.5,51
2.5,51
2.5,46
2.5,46
3.2,44
3.2,44
3.2,44
3,40
3,40
3,40
3,40
2,52
2,52
2.4,50
2.4,51
2,52
2.4,51
2,52
2.5,53
2.5,51
2,51
6.2,33
6.2,30
3.6,38
3.6,38
3.6,38
3.6,38
3.6,38
3.6,38
3.6,38
3.6,38
3.6,38
3.6,38
3.6,30
3.6,41
3.6,29
3.6,41
3.6,39
3.6,30
3.6,39
4.3,35
5.3,31
5.3,30
3.6,38
3.6,38
3.2,44
3,40
3.2,44
3.2,44
3,40
3,46
3,46
3,42
3,42
3,47
3,46
3,44
3,41
3,46
3,45
4,34
4,34
3.2,39
3.2,39
3.2,39
3.2,39
3.2,42
3.2,42
3.2,42
3.2,42
3.2,42
3.2,42
5,29
5,29
5,29
6.2,32
6.2,24
6.2,25
6.2,24
6.2,32
6.2,31
6.2,32
6.2,31
6,43
6,43
6,43
6,43
6.2,32
6.2,31
6.2,32
6.2,31
6.2,25
6.2,22
6.2,32
6.2,22
5,30
5,30
5,30
5,30
3,43
3,45
3,47
3,46
3,44
3,41
4,33
4,34
5,31
5,29
5,31
5,29
3.2,39
3.2,39
2,57
2,54
2,54
3,48
3,52
3,51
4.4,37
4.4,38
4.4,35
3.2,39
3.2,39
5.9,33
5.9,33
5.9,33
5.9,28
5.9,28
3.7,41
2.4,53
2.4,53
2.4,50
3.5,47
2.4,52
3.7,39
3.7,37
2,59
2,59
2,59
2,59
2,59
2,59
2.5,46
2.5,46
2.5,43
3.6,43
3.6,43
3.6,43
2.4,51
2.4,51
3,44
3,45
2.5,46
2.5,46
2.5,46
2.5,46
2.4,53
2.4,53
2.4,53
5.9,30
5.9,28
5.9,28
5.9,30
2.4,52
2.4,49
5.9,32
5.9,32
6,32
6,32
4.7,32
4.7,32
2,48
2,34
2,38
2,53
2.5,48
2.5,48
2.5,48
2.5,48
2.5,48
2.5,48
2.5,43
2.5,43
2,38
2,34
2,56
2,56
2,53
2,52
2,52
4.7,32
4.7,32
2,38
2,46
2,46
2,38
2,46
2,53
3.5,45
3.5,42
3.7,42
3.5,42
3.7,39
3.7,45
3.7,40
3.7,41
3.5,38
6.8,29
5.4,24
5.4,31
5.4,24
5.4,22
1.5,68
1.5,68
1.5,60
1.5,60
1.5,63
1.5,60
3.5,45
3.5,45
3.5,47
3.5,45
3.5,47
3.5,43
3.5,41
3.5,43
3.5,41
3.5,43
5.2,32
5.2,32
3,42
3,42
